id,first_name,last_name,email,gender,ip_address
1,Geri,Petworth,gpetworth0@va.gov,Male,39.160.176.37
2,Ileana,Van de Velde,ivandevelde1@hostgator.com,Female,31.3.138.139
3,Odie,Yacobsohn,oyacobsohn2@google.cn,Genderqueer,78.2.57.186
4,Shanan,Worlock,sworlock3@harvard.edu,Male,120.146.60.149
5,Goldia,Partener,gpartener4@macromedia.com,Female,105.91.180.27
6,Brietta,Lamkin,blamkin5@flavors.me,Genderfluid,174.179.64.143
7,Allis,Botham,abotham6@google.co.uk,Female,129.99.220.118
8,Wadsworth,Revie,wrevie7@icio.us,Male,43.127.127.31
9,Dayle,Pyner,dpyner8@bigcartel.com,Female,21.89.35.48
10,Imogene,Dumingo,idumingo9@ning.com,Female,91.157.205.135
11,Malcolm,Braben,mbrabena@businesswire.com,Male,231.182.205.76
12,Philippa,Saffell,psaffellb@forbes.com,Female,128.196.227.25
13,Blaire,Lyman,blymanc@spiegel.de,Female,142.55.158.249
14,Paten,McComb,pmccombd@miibeian.gov.cn,Male,157.252.97.4
15,Moises,Truitt,mtruitte@biblegateway.com,Male,24.87.126.105
16,Torry,Pharaoh,tpharaohf@booking.com,Male,70.131.83.215
17,Heddi,Kissack,hkissackg@psu.edu,Female,20.137.66.137
18,Katharyn,Surr,ksurrh@dailymail.co.uk,Female,172.31.54.122
19,Berne,Eardley,beardleyi@hubpages.com,Male,3.178.128.4
20,Cash,Symper,csymperj@wikimedia.org,Bigender,98.1.192.115
21,Flory,Stearnes,fstearnesk@elegantthemes.com,Female,147.199.232.102
22,Lanae,Skillett,lskillettl@desdev.cn,Female,17.1.135.115
23,Katusha,Crusham,kcrushamm@g.co,Female,15.179.22.11
24,Madelena,MacNish,mmacnishn@slashdot.org,Genderfluid,131.28.6.131
25,Jessey,Durham,jdurhamo@jalbum.net,Male,195.243.246.253
26,Wendi,Courvert,wcourvertp@nature.com,Female,110.11.217.8
27,Rozamond,Noller,rnollerq@youtube.com,Female,220.5.70.219
28,Ericha,Ludman,eludmanr@dmoz.org,Genderfluid,68.78.254.18
29,Jessica,Ratt,jratts@pcworld.com,Female,21.180.120.183
30,Frank,McManamon,fmcmanamont@vk.com,Female,145.61.102.37
31,Reynold,Willatts,rwillattsu@usnews.com,Bigender,104.220.41.115
32,Florance,Clinning,fclinningv@tinyurl.com,Female,132.126.161.121
33,Darlene,Colthard,dcolthardw@blogs.com,Female,54.48.193.151
34,Jerad,Heyfield,jheyfieldx@princeton.edu,Male,37.73.180.198
35,Connie,Creegan,ccreegany@psu.edu,Female,37.8.152.253
36,Bobinette,Drowsfield,bdrowsfieldz@ft.com,Female,244.195.222.183
37,Calypso,Kantor,ckantor10@auda.org.au,Bigender,213.42.79.252
38,Huntington,Richarson,hricharson11@china.com.cn,Non-binary,225.94.173.86
39,Sharline,Povah,spovah12@free.fr,Female,172.98.237.205
40,Linea,Avramov,lavramov13@google.fr,Female,208.23.77.218
41,Sybille,Meriot,smeriot14@squarespace.com,Female,56.41.99.186
42,Arnaldo,Billborough,abillborough15@netlog.com,Male,128.109.196.199
43,Haily,Kimmitt,hkimmitt16@mediafire.com,Male,52.247.64.136
44,Chrissy,MacDearmaid,cmacdearmaid17@ycombinator.com,Female,3.9.13.199
45,Reece,Hughs,rhughs18@cam.ac.uk,Male,29.73.236.189
46,Garrick,Richford,grichford19@acquirethisname.com,Male,46.177.75.201
47,Marje,Stenyng,mstenyng1a@berkeley.edu,Female,128.255.229.79
48,Wynne,Vedekhov,wvedekhov1b@thetimes.co.uk,Female,90.26.13.137
49,Ulrica,Koppeck,ukoppeck1c@cbslocal.com,Female,249.79.177.6
50,Roxane,Brookes,rbrookes1d@irs.gov,Female,176.157.211.178
51,Augustus,Yurin,ayurin1e@sbwire.com,Polygender,179.20.195.215
52,Kaitlynn,Alyonov,kalyonov1f@nsw.gov.au,Female,113.120.46.57
53,Oliver,Gillett,ogillett1g@oracle.com,Male,176.57.125.223
54,Horst,Kleimt,hkleimt1h@ovh.net,Polygender,21.254.234.105
55,Kingsly,Gladyer,kgladyer1i@nationalgeographic.com,Male,212.113.107.95
56,Lilly,Morson,lmorson1j@mtv.com,Female,154.236.31.183
57,Beckie,O'Dyvoy,bodyvoy1k@java.com,Female,164.174.105.194
58,Stacee,Sprey,ssprey1l@businesswire.com,Male,52.22.101.241
59,Alwyn,Yarrow,ayarrow1m@unblog.fr,Male,229.214.191.202
60,Eduino,Grenville,egrenville1n@newsvine.com,Male,126.180.107.72
61,Noland,De Nisco,ndenisco1o@uol.com.br,Male,220.76.249.243
62,Frederic,Pearle,fpearle1p@w3.org,Male,67.144.39.70
63,Dalli,Coulthard,dcoulthard1q@diigo.com,Male,213.64.204.72
64,Valentijn,Papez,vpapez1r@unesco.org,Male,226.159.161.7
65,Ferdinanda,Dedham,fdedham1s@networkadvertising.org,Female,230.49.234.239
66,Carce,MacCarrane,cmaccarrane1t@guardian.co.uk,Male,248.76.217.139
67,Alex,Gutch,agutch1u@soup.io,Male,80.236.198.11
68,Johnath,Bassil,jbassil1v@google.com.hk,Female,9.214.12.106
69,Casar,Spilstead,cspilstead1w@cdbaby.com,Bigender,108.179.164.16
70,Aubry,McRobb,amcrobb1x@usa.gov,Female,188.20.231.59
71,Delphinia,Coggins,dcoggins1y@exblog.jp,Female,180.197.8.202
72,Rosalia,MacFaell,rmacfaell1z@mail.ru,Female,137.91.21.210
73,Rich,Fippe,rfippe20@wordpress.com,Male,165.242.97.183
74,Courtnay,Whisker,cwhisker21@merriam-webster.com,Male,22.250.164.40
75,Mikel,Pughe,mpughe22@umn.edu,Male,10.4.228.117
76,Mabelle,Fruser,mfruser23@yelp.com,Female,18.36.22.161
77,Henri,Wones,hwones24@imdb.com,Male,83.51.203.74
78,Angelica,Nuemann,anuemann25@google.co.uk,Female,132.16.17.69
79,Natalee,Prahm,nprahm26@1und1.de,Female,250.74.217.222
80,Clarey,Sonnenschein,csonnenschein27@archive.org,Female,55.97.178.184
81,Feliks,Braun,fbraun28@latimes.com,Male,193.60.221.20
82,Zerk,Corpes,zcorpes29@oaic.gov.au,Male,87.216.255.132
83,Kelsey,Lilliman,klilliman2a@pagesperso-orange.fr,Male,156.47.161.77
84,Andriette,Braghini,abraghini2b@creativecommons.org,Female,88.24.59.84
85,Lon,Neising,lneising2c@oracle.com,Male,244.173.176.110
86,Natale,Ebdon,nebdon2d@indiegogo.com,Male,221.59.17.102
87,Rhea,Jeandon,rjeandon2e@jigsy.com,Female,167.186.193.28
88,Peria,Pettko,ppettko2f@pcworld.com,Female,196.74.71.248
89,Noel,Heinsius,nheinsius2g@vimeo.com,Female,230.150.171.44
90,Clyde,Stiles,cstiles2h@buzzfeed.com,Male,149.60.130.237
91,Madelon,Raddish,mraddish2i@psu.edu,Agender,156.236.15.130
92,Thurston,Etches,tetches2j@home.pl,Male,67.247.205.163
93,Dorry,Dreghorn,ddreghorn2k@baidu.com,Female,113.13.132.233
94,Lock,Petrasso,lpetrasso2l@twitpic.com,Male,161.114.208.78
95,Beryl,Packman,bpackman2m@bluehost.com,Female,171.130.174.79
96,Alard,Verissimo,averissimo2n@1688.com,Male,214.208.125.54
97,Amandy,Haining,ahaining2o@w3.org,Female,98.116.24.176
98,Pietra,Ferreira,pferreira2p@stanford.edu,Agender,192.141.198.11
99,Tandy,Ceeley,tceeley2q@acquirethisname.com,Female,197.85.141.104
100,Sibby,Freen,sfreen2r@amazonaws.com,Female,42.128.27.134
101,Thorin,Ketteringham,tketteringham2s@npr.org,Male,208.188.117.56
102,Catharina,Ottery,cottery2t@mac.com,Female,222.62.18.168
103,Batholomew,Lehrle,blehrle2u@fda.gov,Male,75.113.46.166
104,Scottie,Itzcovich,sitzcovich2v@oakley.com,Male,110.173.247.240
105,Courtney,Kellog,ckellog2w@webnode.com,Female,19.73.254.250
106,Lezlie,Eagers,leagers2x@techcrunch.com,Female,208.68.18.120
107,Alisander,Iacobassi,aiacobassi2y@cyberchimps.com,Male,109.194.105.213
108,Avie,Mechell,amechell2z@tamu.edu,Female,184.114.66.142
109,Arel,Hentze,ahentze30@zimbio.com,Genderfluid,187.142.155.56
110,Jermaine,Tomlinson,jtomlinson31@ed.gov,Female,6.154.40.126
111,Kimbra,Kemmer,kkemmer32@youtube.com,Female,119.80.96.210
112,Carroll,Dearnly,cdearnly33@globo.com,Female,29.237.52.1
113,Karlens,Beekman,kbeekman34@kickstarter.com,Male,88.21.23.234
114,Hendrika,Jalland,hjalland35@cafepress.com,Female,70.160.221.188
115,Jules,Kaysor,jkaysor36@hud.gov,Male,35.169.26.111
116,Jennica,Eglaise,jeglaise37@oakley.com,Female,226.60.79.38
117,Lexie,Matts,lmatts38@over-blog.com,Female,150.201.233.233
118,Valli,Ridsdole,vridsdole39@ed.gov,Female,193.212.234.45
119,Rea,Pugsley,rpugsley3a@scribd.com,Female,108.89.68.38
120,Lion,Siveter,lsiveter3b@ezinearticles.com,Male,229.168.11.131
121,Nicolas,Crown,ncrown3c@4shared.com,Male,6.41.156.82
122,Christa,McGilvra,cmcgilvra3d@studiopress.com,Female,139.1.210.76
123,Coral,Rubel,crubel3e@hc360.com,Female,234.240.139.231
124,Rip,Beteriss,rbeteriss3f@utexas.edu,Male,177.238.25.158
125,Essy,Phoenix,ephoenix3g@de.vu,Female,186.192.43.109
126,Edie,Beardsworth,ebeardsworth3h@prweb.com,Female,150.215.211.4
127,Wilburt,Bunhill,wbunhill3i@ycombinator.com,Bigender,77.4.16.117
128,Pepito,Sobey,psobey3j@lycos.com,Male,52.206.3.76
129,Dyann,Lillyman,dlillyman3k@marriott.com,Female,143.88.65.62
130,Sydelle,Lowbridge,slowbridge3l@wikispaces.com,Female,44.241.13.176
131,Sonya,Doumenc,sdoumenc3m@gnu.org,Female,93.109.179.64
132,Luca,Cheeke,lcheeke3n@histats.com,Genderqueer,187.56.127.10
133,Bartholomew,Zorzoni,bzorzoni3o@bloglovin.com,Male,61.35.236.146
134,Klaus,Riddler,kriddler3p@vistaprint.com,Male,96.230.124.38
135,Adelaida,Itzak,aitzak3q@ow.ly,Female,150.40.230.108
136,Catina,Stolz,cstolz3r@google.nl,Female,248.209.179.199
137,Yvon,Gretton,ygretton3s@parallels.com,Male,36.108.220.204
138,Kahlil,Sweetmore,ksweetmore3t@netvibes.com,Male,10.41.218.209
139,Allister,Villiers,avilliers3u@europa.eu,Male,111.93.45.125
140,Hill,Sales,hsales3v@gmpg.org,Male,206.189.80.239
141,Kimberley,Phillins,kphillins3w@sohu.com,Female,192.76.33.105
142,Stephani,Partrick,spartrick3x@histats.com,Female,171.134.38.229
143,Fowler,Yabsley,fyabsley3y@sciencedirect.com,Male,127.156.2.235
144,Si,Iacovucci,siacovucci3z@umn.edu,Male,56.199.94.5
145,Garwood,Redhouse,gredhouse40@cbsnews.com,Male,202.103.33.60
146,Josy,Schultheiss,jschultheiss41@youtu.be,Female,154.74.1.115
147,Maynord,Beton,mbeton42@godaddy.com,Male,115.183.199.108
148,Corie,Beric,cberic43@shareasale.com,Female,4.39.58.119
149,Tani,Caldecutt,tcaldecutt44@ehow.com,Female,74.47.186.93
150,Rozella,Trunks,rtrunks45@godaddy.com,Agender,113.186.17.210
151,Cobby,Marlor,cmarlor46@shutterfly.com,Male,192.193.143.198
152,Cristal,Benoit,cbenoit47@techcrunch.com,Female,112.98.50.178
153,Lorita,Egdal,legdal48@bigcartel.com,Female,44.52.87.41
154,Franni,Bunhill,fbunhill49@netlog.com,Female,104.57.53.245
155,Alister,Iddy,aiddy4a@imgur.com,Male,141.150.33.221
156,Nissie,Kill,nkill4b@delicious.com,Female,197.96.82.73
157,Chauncey,Clackers,cclackers4c@shop-pro.jp,Male,85.168.125.98
158,Carny,Bareham,cbareham4d@google.pl,Male,28.16.240.152
159,Humbert,Hatchett,hhatchett4e@chicagotribune.com,Male,188.113.30.212
160,Karlens,Voden,kvoden4f@people.com.cn,Male,47.17.12.28
161,Joli,Biagini,jbiagini4g@alexa.com,Female,174.236.122.99
162,Nichols,Delacote,ndelacote4h@ameblo.jp,Male,221.210.225.157
163,Huntington,Mainson,hmainson4i@360.cn,Male,122.41.196.164
164,Camile,Slowey,cslowey4j@dailymail.co.uk,Female,145.208.133.154
165,Jessy,De Dei,jdedei4k@unicef.org,Female,131.158.82.192
166,Heddi,Bruins,hbruins4l@elpais.com,Polygender,178.234.251.189
167,Delila,Tarbatt,dtarbatt4m@stumbleupon.com,Female,32.173.78.6
168,Latisha,Skippen,lskippen4n@jugem.jp,Female,212.121.175.41
169,Mill,Hallford,mhallford4o@tinypic.com,Male,75.255.159.4
170,Kata,Ennals,kennals4p@github.com,Female,6.125.142.216
171,Billi,Sauven,bsauven4q@sina.com.cn,Female,207.174.156.16
172,Stefania,Reap,sreap4r@chronoengine.com,Female,191.130.119.248
173,Luigi,Brunstan,lbrunstan4s@umn.edu,Male,86.146.66.59
174,Vidovic,Murgatroyd,vmurgatroyd4t@hhs.gov,Male,54.75.194.108
175,Goddard,Segrave,gsegrave4u@simplemachines.org,Male,135.34.250.161
176,Greg,Gorger,ggorger4v@t.co,Male,61.51.124.162
177,Cybill,Twiggins,ctwiggins4w@princeton.edu,Female,228.192.47.187
178,Cheslie,Luberti,cluberti4x@kickstarter.com,Female,183.25.5.63
179,Aleece,Rospars,arospars4y@chicagotribune.com,Female,183.126.8.121
180,Sheeree,Sherry,ssherry4z@livejournal.com,Female,55.183.193.221
181,Clevie,Durling,cdurling50@sciencedaily.com,Male,120.116.25.217
182,Stefano,Collabine,scollabine51@goodreads.com,Bigender,4.56.235.72
183,Koenraad,Kettow,kkettow52@globo.com,Male,113.233.15.48
184,Joellen,Norrie,jnorrie53@bbb.org,Female,252.107.230.10
185,Carlyle,Veryan,cveryan54@blogger.com,Male,28.24.78.47
186,Perle,Dancer,pdancer55@nydailynews.com,Female,143.179.91.136
187,Cesaro,Blueman,cblueman56@pbs.org,Male,176.224.181.233
188,Thane,Sowerbutts,tsowerbutts57@gov.uk,Male,107.195.38.68
189,Ximenez,Johannes,xjohannes58@cbc.ca,Male,136.126.249.88
190,Ricoriki,Pinks,rpinks59@rediff.com,Male,20.131.3.119
191,Bondie,Sides,bsides5a@answers.com,Male,88.36.131.136
192,Farrah,McNirlan,fmcnirlan5b@tmall.com,Agender,100.124.157.74
193,Matthieu,Hattam,mhattam5c@omniture.com,Male,139.145.131.105
194,Roxi,Demetr,rdemetr5d@virginia.edu,Female,149.173.245.199
195,Enoch,Rosenschein,erosenschein5e@state.gov,Male,194.132.232.55
196,Guillema,Oliphand,goliphand5f@oracle.com,Female,96.185.117.90
197,Germain,Fullbrook,gfullbrook5g@ask.com,Female,2.202.249.75
198,Lindi,Moehle,lmoehle5h@bravesites.com,Female,159.13.80.219
199,Nesta,Tribbeck,ntribbeck5i@un.org,Female,120.180.134.69
200,Pate,Jackett,pjackett5j@google.cn,Male,235.74.89.100
201,Errick,Jeandel,ejeandel5k@vistaprint.com,Male,93.163.164.250
202,Almeria,Pigot,apigot5l@time.com,Female,50.243.181.145
203,Gregorius,Habbeshaw,ghabbeshaw5m@sun.com,Male,39.66.88.74
204,Jacquette,Lyttle,jlyttle5n@jimdo.com,Female,15.82.210.250
205,Cleon,Paskell,cpaskell5o@boston.com,Male,82.157.29.253
206,Woodman,Miners,wminers5p@wufoo.com,Male,208.188.134.23
207,Janot,Grewar,jgrewar5q@deviantart.com,Female,76.247.5.65
208,Rufe,Wink,rwink5r@netvibes.com,Male,129.32.120.231
209,Erskine,Thrussell,ethrussell5s@ask.com,Male,195.107.57.141
210,Corabel,Artinstall,cartinstall5t@nasa.gov,Female,247.221.53.218
211,Quentin,Dignan,qdignan5u@jugem.jp,Female,32.219.60.142
212,Udall,Pearlman,upearlman5v@cbslocal.com,Male,128.207.29.25
213,Aeriell,Fairfoull,afairfoull5w@usatoday.com,Female,125.28.219.44
214,Milly,Gimeno,mgimeno5x@illinois.edu,Female,128.175.177.44
215,Sukey,Twitchings,stwitchings5y@wp.com,Female,0.243.82.89
216,Keelia,Stentiford,kstentiford5z@about.me,Female,190.1.101.48
217,Jamal,Bosch,jbosch60@wikimedia.org,Male,195.234.189.195
218,Randolf,Rewcastle,rrewcastle61@ebay.com,Male,31.67.106.146
219,Debora,Jessup,djessup62@drupal.org,Female,20.230.167.58
220,Judah,Sherwood,jsherwood63@si.edu,Male,110.73.152.223
221,Pepillo,O'Sullivan,posullivan64@nhs.uk,Male,237.136.196.97
222,Joseito,Stovell,jstovell65@mapy.cz,Male,73.239.88.93
223,Belvia,Jakucewicz,bjakucewicz66@github.io,Female,30.10.73.83
224,Kylen,Spaule,kspaule67@vimeo.com,Female,137.223.128.169
225,Thorndike,Peskin,tpeskin68@canalblog.com,Male,58.158.195.61
226,Tybi,Yerill,tyerill69@shinystat.com,Female,42.55.156.228
227,Kathye,Dennitts,kdennitts6a@psu.edu,Female,254.17.10.29
228,Pearle,Quidenham,pquidenham6b@symantec.com,Female,18.39.205.206
229,Barbra,Epinay,bepinay6c@bbc.co.uk,Bigender,73.173.91.15
230,Rabi,Britee,rbritee6d@bing.com,Male,2.175.65.69
231,Rogers,Mordanti,rmordanti6e@army.mil,Male,143.136.158.103
232,Che,Chamberlin,cchamberlin6f@mozilla.org,Male,56.68.237.186
233,Robinet,Mirams,rmirams6g@flickr.com,Female,87.37.180.82
234,Corty,Moorerud,cmoorerud6h@redcross.org,Male,4.66.20.111
235,Devy,Addyman,daddyman6i@istockphoto.com,Male,202.186.35.0
236,Mahmoud,Eagland,meagland6j@imdb.com,Bigender,56.113.232.168
237,Boote,Royds,broyds6k@disqus.com,Male,39.188.206.174
238,Corly,Ventum,cventum6l@wikipedia.org,Female,227.125.144.246
239,Ripley,Herreros,rherreros6m@virginia.edu,Male,132.144.72.3
240,Ingaborg,MacMenemy,imacmenemy6n@vistaprint.com,Genderfluid,86.229.226.96
241,Rosy,Maciunas,rmaciunas6o@aol.com,Female,185.17.99.67
242,Juliane,Christofol,jchristofol6p@jigsy.com,Female,110.53.106.191
243,Barret,Mugridge,bmugridge6q@e-recht24.de,Male,62.50.230.201
244,Dorothea,Renshall,drenshall6r@ucoz.ru,Female,201.75.38.150
245,Patton,Starie,pstarie6s@uiuc.edu,Male,76.234.157.15
246,Harrietta,Relton,hrelton6t@woothemes.com,Female,114.160.56.153
247,Mabel,Patullo,mpatullo6u@friendfeed.com,Female,234.40.146.99
248,Patrizius,Geraudel,pgeraudel6v@latimes.com,Male,8.97.222.167
249,Kaila,Seddon,kseddon6w@cbslocal.com,Female,119.229.31.85
250,Debby,Prazer,dprazer6x@nifty.com,Female,176.21.60.63
251,Gladi,Luckings,gluckings6y@elegantthemes.com,Female,46.86.96.52
252,Rafaelia,Scutcheon,rscutcheon6z@photobucket.com,Polygender,117.59.176.22
253,Daffie,Caddell,dcaddell70@cocolog-nifty.com,Female,238.24.64.252
254,Felix,Nutter,fnutter71@google.co.jp,Male,231.67.58.131
255,Babbette,Ghent,bghent72@hao123.com,Bigender,232.6.99.173
256,Keane,Camillo,kcamillo73@imageshack.us,Male,52.217.128.239
257,Bernita,Cusack,bcusack74@si.edu,Female,13.167.34.63
258,Cherice,Folliss,cfolliss75@dyndns.org,Bigender,199.2.57.220
259,Rosanna,Jobson,rjobson76@senate.gov,Female,226.37.34.14
260,D'arcy,Wolfinger,dwolfinger77@tumblr.com,Polygender,42.217.226.204
261,Wilek,Izkovici,wizkovici78@sohu.com,Male,218.27.89.64
262,Thea,O'Tuohy,totuohy79@nationalgeographic.com,Female,30.232.71.134
263,Ignazio,Doolan,idoolan7a@wikimedia.org,Male,113.17.104.97
264,Rivalee,Blader,rblader7b@bloglovin.com,Female,248.17.25.72
265,Jervis,Upham,jupham7c@zimbio.com,Male,131.90.202.14
266,Melisande,Caldeyroux,mcaldeyroux7d@chicagotribune.com,Female,251.95.253.254
267,Stafford,Inker,sinker7e@qq.com,Male,226.135.66.168
268,Philippine,Borrie,pborrie7f@china.com.cn,Female,56.207.249.153
269,Eddie,Pigny,epigny7g@google.fr,Female,6.6.92.168
270,Ephrayim,Mathou,emathou7h@deliciousdays.com,Male,15.171.43.141
271,Krystalle,Binden,kbinden7i@amazon.co.uk,Non-binary,172.135.142.205
272,Marcelia,Rookeby,mrookeby7j@shop-pro.jp,Female,38.151.18.21
273,Richardo,Conkling,rconkling7k@loc.gov,Male,196.165.85.15
274,Rayner,Foucher,rfoucher7l@umn.edu,Male,215.66.117.232
275,Hubert,Britnell,hbritnell7m@fda.gov,Male,4.242.152.9
276,Hale,Stoyles,hstoyles7n@ucoz.com,Male,165.116.148.173
277,Berthe,Ree,bree7o@oaic.gov.au,Female,154.156.56.160
278,Obediah,Lissimore,olissimore7p@earthlink.net,Male,137.190.237.2
279,Verna,Dunstall,vdunstall7q@blogs.com,Female,123.196.250.191
280,Donavon,Conen,dconen7r@fastcompany.com,Male,156.104.38.185
281,Ilsa,Tuiller,ituiller7s@tumblr.com,Female,134.17.206.158
282,Andrea,Sanbrooke,asanbrooke7t@illinois.edu,Female,6.38.142.251
283,Lilas,Humfrey,lhumfrey7u@ed.gov,Female,132.130.142.146
284,Dur,Seniour,dseniour7v@cam.ac.uk,Male,141.62.163.81
285,Edna,Dmiterko,edmiterko7w@cnn.com,Female,67.163.132.211
286,Gardy,Chaudrelle,gchaudrelle7x@surveymonkey.com,Male,236.13.5.144
287,Ben,Shrieve,bshrieve7y@reuters.com,Male,39.4.211.87
288,Whit,Fearfull,wfearfull7z@paypal.com,Male,41.134.141.97
289,Dilan,Kenen,dkenen80@bluehost.com,Male,199.92.150.135
290,Estel,Kirke,ekirke81@rakuten.co.jp,Female,33.186.38.0
291,Amity,Ebsworth,aebsworth82@mapquest.com,Female,120.244.61.66
292,Friedrich,Skelhorn,fskelhorn83@xrea.com,Male,87.227.98.85
293,Mario,Loud,mloud84@time.com,Male,34.111.180.69
294,Casper,MacKeague,cmackeague85@facebook.com,Male,56.144.123.94
295,Yoshiko,Werendell,ywerendell86@mozilla.com,Female,117.96.128.5
296,Florencia,Wynrahame,fwynrahame87@constantcontact.com,Female,110.97.100.241
297,Cam,Campione,ccampione88@unc.edu,Male,183.40.53.120
298,Concordia,Probyn,cprobyn89@de.vu,Agender,21.114.182.255
299,Mendie,Raith,mraith8a@youtube.com,Male,159.72.156.180
300,Tasia,Constant,tconstant8b@tamu.edu,Female,183.34.94.235
301,Maighdiln,Isley,misley8c@gov.uk,Female,48.53.83.227
302,Ernestus,Dekeyser,edekeyser8d@twitpic.com,Male,184.25.34.250
303,Shir,Zamora,szamora8e@taobao.com,Female,175.124.246.193
304,Bing,Stratten,bstratten8f@cornell.edu,Male,170.128.99.216
305,George,Aburrow,gaburrow8g@google.es,Female,98.67.58.173
306,Roseline,Aleksahkin,raleksahkin8h@wordpress.org,Female,230.165.234.183
307,Mariellen,Canwell,mcanwell8i@naver.com,Female,203.135.49.232
308,Aimee,Brigge,abrigge8j@prweb.com,Female,7.1.118.15
309,Brandi,Bernaldez,bbernaldez8k@multiply.com,Non-binary,177.7.197.21
310,Wilona,Newvill,wnewvill8l@springer.com,Female,78.73.228.48
311,Gabbie,Starford,gstarford8m@studiopress.com,Male,177.7.153.55
312,Vinson,Cann,vcann8n@blogspot.com,Male,243.251.73.211
313,Durant,Dunsmuir,ddunsmuir8o@ucla.edu,Male,209.45.88.31
314,Joelynn,Truett,jtruett8p@ning.com,Female,89.81.245.242
315,Philippe,Tidman,ptidman8q@imdb.com,Female,22.160.204.127
316,Sax,Filyashin,sfilyashin8r@mozilla.org,Male,91.234.233.172
317,Vally,Bangle,vbangle8s@ihg.com,Female,83.246.22.25
318,Calida,Janout,cjanout8t@meetup.com,Female,89.198.170.13
319,Mariette,Simmons,msimmons8u@aol.com,Female,2.80.110.213
320,Margette,Acheson,macheson8v@freewebs.com,Bigender,233.186.89.189
321,Raphael,Tilly,rtilly8w@cam.ac.uk,Male,27.67.92.120
322,Corella,Crone,ccrone8x@ycombinator.com,Female,139.61.31.254
323,Jannel,Bisson,jbisson8y@imageshack.us,Female,68.45.206.151
324,Danica,McRae,dmcrae8z@businessinsider.com,Female,39.142.230.253
325,Fonsie,MacAnellye,fmacanellye90@fc2.com,Male,41.115.73.95
326,Jaymie,Goodright,jgoodright91@icio.us,Male,26.253.174.234
327,Clemence,Kender,ckender92@apple.com,Female,38.125.126.146
328,Fredi,De Wolfe,fdewolfe93@arizona.edu,Female,150.235.203.76
329,Taber,Rashleigh,trashleigh94@ow.ly,Male,131.199.106.247
330,Lou,Wilds,lwilds95@so-net.ne.jp,Female,85.224.176.184
331,Anderea,Batman,abatman96@blogtalkradio.com,Female,150.215.171.178
332,Mariellen,Brogi,mbrogi97@hubpages.com,Female,119.111.219.172
333,Analise,Dollard,adollard98@unicef.org,Female,52.114.109.5
334,Rodolfo,Devons,rdevons99@wp.com,Male,60.187.4.201
335,Gabe,Werny,gwerny9a@gnu.org,Male,42.43.224.250
336,Jeno,Tregien,jtregien9b@umn.edu,Male,232.36.148.37
337,Kandace,Facchini,kfacchini9c@privacy.gov.au,Female,71.241.90.60
338,Herta,Hackworth,hhackworth9d@wired.com,Female,14.116.129.59
339,Berny,Blackborne,bblackborne9e@jalbum.net,Male,117.161.1.80
340,Lilian,Petracco,lpetracco9f@telegraph.co.uk,Female,137.239.138.186
341,Briny,Hartin,bhartin9g@opensource.org,Genderfluid,23.234.183.67
342,Susan,Bill,sbill9h@gravatar.com,Female,64.122.146.143
343,Rachel,McGlone,rmcglone9i@pcworld.com,Female,41.192.97.94
344,Lief,Callendar,lcallendar9j@cbc.ca,Male,11.240.116.94
345,Tedd,Jeaycock,tjeaycock9k@sphinn.com,Male,118.161.90.97
346,Krishna,Dannatt,kdannatt9l@princeton.edu,Male,224.11.27.52
347,Edmon,Pevsner,epevsner9m@cmu.edu,Polygender,160.64.154.150
348,Zandra,Benedetti,zbenedetti9n@constantcontact.com,Female,93.73.216.6
349,Sampson,Josskoviz,sjosskoviz9o@webs.com,Bigender,199.220.174.105
350,Lawrence,Mingus,lmingus9p@upenn.edu,Male,251.171.208.138
351,Brenna,Boner,bboner9q@networkadvertising.org,Female,234.72.201.172
352,Hollyanne,Vasyukhichev,hvasyukhichev9r@photobucket.com,Female,112.96.205.85
353,Pierre,Kerry,pkerry9s@smugmug.com,Male,135.183.126.175
354,Iris,Himsworth,ihimsworth9t@biblegateway.com,Female,253.149.20.65
355,Iorgos,Elsop,ielsop9u@ow.ly,Male,234.47.146.211
356,Lindsay,Pearman,lpearman9v@hugedomains.com,Male,115.42.198.70
357,Gonzales,Luety,gluety9w@cbsnews.com,Male,135.33.87.105
358,Rivkah,Reuss,rreuss9x@narod.ru,Female,100.224.58.91
359,Delilah,Othick,dothick9y@vinaora.com,Female,125.248.24.59
360,Ronald,Van der Kruys,rvanderkruys9z@hexun.com,Male,165.240.113.69
361,Joellen,Baroux,jbarouxa0@gnu.org,Female,203.148.22.63
362,Giraldo,Langcaster,glangcastera1@bluehost.com,Male,225.1.245.6
363,Moe,Colbridge,mcolbridgea2@bbc.co.uk,Male,94.100.183.132
364,Fallon,Marklin,fmarklina3@pagesperso-orange.fr,Female,234.92.137.170
365,Alanah,Tremelling,atremellinga4@unc.edu,Female,60.186.98.82
366,Hillard,Wolfendell,hwolfendella5@wiley.com,Male,127.231.113.25
367,Warner,Fildery,wfilderya6@yahoo.co.jp,Male,58.246.194.16
368,Roseanna,Pool,rpoola7@usnews.com,Female,11.177.95.80
369,Feodora,Belshaw,fbelshawa8@mapquest.com,Female,7.41.100.195
370,Rebeka,MacFarlane,rmacfarlanea9@histats.com,Female,147.231.77.40
371,Abbott,Mc Meekan,amcmeekanaa@cbslocal.com,Male,216.23.188.108
372,Chuck,Myles,cmylesab@moonfruit.com,Male,49.92.95.26
373,Tera,Langfat,tlangfatac@wikia.com,Female,31.156.241.99
374,Tracey,Evenden,tevendenad@illinois.edu,Female,22.132.178.168
375,Kelly,Tirone,ktironeae@github.io,Agender,66.142.178.55
376,Wyn,Ramiro,wramiroaf@facebook.com,Male,35.240.213.24
377,Riley,Greatham,rgreathamag@ftc.gov,Bigender,160.160.107.43
378,Auroora,Botwright,abotwrightah@dyndns.org,Female,218.31.22.41
379,Christy,Gunthorpe,cgunthorpeai@weebly.com,Female,250.50.197.7
380,Torre,Ramshay,tramshayaj@nba.com,Male,1.143.169.4
381,Tawsha,O'Moylane,tomoylaneak@ovh.net,Female,133.253.236.45
382,Daisy,Avarne,davarneal@github.io,Female,119.80.156.168
383,Pandora,Allcroft,pallcroftam@newsvine.com,Female,220.247.224.23
384,Kasey,O'Donohue,kodonohuean@hao123.com,Female,100.154.198.249
385,Rebeka,Dykas,rdykasao@salon.com,Female,154.144.81.74
386,Shea,LAbbet,slabbetap@jigsy.com,Male,202.7.217.77
387,Silvain,Gremane,sgremaneaq@over-blog.com,Male,139.82.34.183
388,Birk,O'Halloran,bohalloranar@mozilla.com,Male,237.199.13.68
389,Harley,Tanswill,htanswillas@skyrock.com,Male,55.226.2.83
390,Inglebert,Haborn,ihabornat@unblog.fr,Male,81.222.102.28
391,Tonye,Duffield,tduffieldau@wp.com,Female,80.222.203.181
392,Kiel,Anstis,kanstisav@naver.com,Male,32.107.19.48
393,Gill,Mairs,gmairsaw@google.com,Male,227.177.99.59
394,Stewart,Loiterton,sloitertonax@i2i.jp,Polygender,195.150.85.8
395,Ronalda,Djakovic,rdjakovicay@biglobe.ne.jp,Female,149.253.110.162
396,Blanca,Hemphall,bhemphallaz@imgur.com,Female,247.53.208.239
397,Juanita,Bamford,jbamfordb0@guardian.co.uk,Female,217.239.38.158
398,Brigida,Gotcliffe,bgotcliffeb1@sun.com,Female,32.82.51.73
399,Meggy,Lethcoe,mlethcoeb2@businessinsider.com,Female,218.43.192.164
400,David,Deegan,ddeeganb3@huffingtonpost.com,Male,66.72.225.228
401,Brita,Renard,brenardb4@usatoday.com,Female,132.123.244.158
402,Lonny,McKillop,lmckillopb5@examiner.com,Male,38.29.152.117
403,Morgana,Simka,msimkab6@so-net.ne.jp,Female,211.163.73.125
404,Sheffield,Skegg,sskeggb7@theatlantic.com,Male,155.44.222.252
405,Aili,Othen,aothenb8@intel.com,Female,227.127.164.118
406,Berte,China,bchinab9@dagondesign.com,Female,58.22.192.70
407,Grannie,Gerretsen,ggerretsenba@php.net,Male,167.46.217.196
408,Ewen,Mathwin,emathwinbb@go.com,Genderfluid,127.72.109.140
409,Abramo,Schukraft,aschukraftbc@adobe.com,Male,166.244.93.162
410,Alessandra,Goldsmith,agoldsmithbd@yale.edu,Bigender,230.136.147.134
411,Tommie,Osment,tosmentbe@home.pl,Male,234.134.172.202
412,Hi,Tame,htamebf@tamu.edu,Agender,153.37.249.111
413,Amalita,Behning,abehningbg@friendfeed.com,Female,45.49.17.61
414,Vicki,Coldridge,vcoldridgebh@ihg.com,Female,57.15.151.182
415,Jerrold,Anderton,jandertonbi@aboutads.info,Male,235.122.28.237
416,Sheff,Chrystal,schrystalbj@hc360.com,Non-binary,43.29.43.127
417,Reuven,Denver,rdenverbk@statcounter.com,Male,184.3.99.140
418,Haslett,Mowson,hmowsonbl@last.fm,Male,108.138.72.187
419,Lynde,Farlowe,lfarlowebm@cnbc.com,Female,227.136.80.227
420,Corry,Elliott,celliottbn@oracle.com,Female,26.236.109.12
421,Ruperta,Paterson,rpatersonbo@washington.edu,Female,6.13.88.126
422,Ganny,Toomer,gtoomerbp@nifty.com,Male,145.125.182.48
423,Irwin,Parlatt,iparlattbq@dyndns.org,Male,20.189.186.175
424,Ofilia,Hallwood,ohallwoodbr@goo.ne.jp,Female,20.155.57.190
425,Reeva,Bourget,rbourgetbs@foxnews.com,Female,223.127.212.184
426,Mandel,Carress,mcarressbt@thetimes.co.uk,Male,117.85.55.171
427,Stepha,Currer,scurrerbu@imageshack.us,Female,56.210.135.235
428,Julian,Syphus,jsyphusbv@wufoo.com,Male,75.162.209.18
429,Zaria,Gossington,zgossingtonbw@time.com,Female,86.145.12.219
430,Teador,Leopard,tleopardbx@independent.co.uk,Male,204.161.132.13
431,Hoebart,Morphey,hmorpheyby@comsenz.com,Male,11.191.249.183
432,Isac,Greggersen,igreggersenbz@constantcontact.com,Male,39.109.217.231
433,Kevin,Butten,kbuttenc0@dion.ne.jp,Male,194.37.196.189
434,Wright,Barthelemy,wbarthelemyc1@marriott.com,Male,207.175.234.13
435,Yoshi,Bastian,ybastianc2@engadget.com,Female,80.158.169.79
436,Briny,Edgars,bedgarsc3@trellian.com,Female,48.15.113.143
437,William,Silman,wsilmanc4@simplemachines.org,Male,239.157.249.232
438,Humfrid,Algate,halgatec5@yandex.ru,Male,210.114.115.116
439,Gilli,Crumly,gcrumlyc6@msu.edu,Female,198.142.203.7
440,Adoree,Tuxsell,atuxsellc7@ycombinator.com,Female,100.134.184.67
441,Padget,McPhater,pmcphaterc8@cornell.edu,Polygender,68.76.164.222
442,Vail,Izkovitz,vizkovitzc9@photobucket.com,Male,252.198.209.158
443,Livia,Caltera,lcalteraca@flickr.com,Female,152.255.227.167
444,Theresina,Gallaher,tgallahercb@plala.or.jp,Female,112.84.232.242
445,Ammamaria,Storrie,astorriecc@xinhuanet.com,Female,161.208.16.206
446,Brittani,Bartrap,bbartrapcd@webs.com,Female,146.155.127.84
447,Kinsley,Wyse,kwysece@w3.org,Male,123.230.26.199
448,Kennie,O'Corren,kocorrencf@sina.com.cn,Male,38.65.18.89
449,Paulo,Leisk,pleiskcg@tumblr.com,Non-binary,165.119.151.194
450,Dalston,Wadeson,dwadesonch@unc.edu,Male,220.150.248.192
451,Mellisent,Hurworth,mhurworthci@kickstarter.com,Female,169.8.213.74
452,Elke,Manueli,emanuelicj@tamu.edu,Female,221.48.27.74
453,Sammy,Lynam,slynamck@meetup.com,Male,194.67.61.196
454,Tailor,Bordone,tbordonecl@intel.com,Agender,116.177.238.223
455,Donnamarie,Leishman,dleishmancm@topsy.com,Female,156.31.223.67
456,Alisander,Farlamb,afarlambcn@ameblo.jp,Male,136.0.118.111
457,Duffie,Jellman,djellmanco@biglobe.ne.jp,Male,88.29.101.43
458,Hersh,Semon,hsemoncp@chronoengine.com,Male,215.5.1.141
459,Florence,Verheyden,fverheydencq@qq.com,Female,47.165.79.196
460,Faunie,Penrice,fpenricecr@eepurl.com,Female,61.232.153.255
461,Heida,Zute,hzutecs@stumbleupon.com,Female,198.9.82.183
462,Sylvia,Fresson,sfressonct@biblegateway.com,Female,88.77.1.228
463,Adan,Lowre,alowrecu@youku.com,Male,58.205.27.111
464,Zeke,Towhey,ztowheycv@domainmarket.com,Male,0.162.239.212
465,Kore,Siegertsz,ksiegertszcw@usgs.gov,Female,125.109.227.128
466,Colly,Helleker,chellekercx@meetup.com,Female,230.74.84.52
467,Parke,Maggill'Andreis,pmaggillandreiscy@yahoo.co.jp,Male,100.252.249.191
468,Aloysius,Goldis,agoldiscz@dagondesign.com,Male,38.246.46.28
469,Justino,Burrows,jburrowsd0@ebay.co.uk,Male,237.82.231.112
470,Nickie,Atthowe,natthowed1@list-manage.com,Agender,3.188.111.52
471,Robbie,Abramchik,rabramchikd2@google.com.au,Male,103.6.61.211
472,Philly,Fairbourn,pfairbournd3@si.edu,Female,238.135.240.106
473,Amitie,O'Drought,aodroughtd4@weather.com,Female,197.32.222.15
474,Luigi,Larsen,llarsend5@java.com,Male,170.66.225.178
475,Raynor,Meese,rmeesed6@google.co.uk,Male,30.81.122.100
476,Shannen,Kunzelmann,skunzelmannd7@unesco.org,Female,148.97.115.97
477,Hersch,Halse,hhalsed8@dedecms.com,Male,69.51.113.215
478,Winne,Cleaver,wcleaverd9@live.com,Female,170.69.212.93
479,Rozele,Durham,rdurhamda@mozilla.com,Female,74.113.77.147
480,Thaine,Reddy,treddydb@un.org,Male,238.149.155.188
481,Aaron,Whitehead,awhiteheaddc@cyberchimps.com,Male,167.226.184.131
482,Richart,Milton-White,rmiltonwhitedd@theguardian.com,Male,228.154.32.234
483,Huberto,Katt,hkattde@arstechnica.com,Male,251.35.244.183
484,Zorah,Attiwill,zattiwilldf@chronoengine.com,Female,39.187.148.29
485,Brendon,Szymanek,bszymanekdg@networksolutions.com,Male,226.213.19.55
486,Carlene,Benesevich,cbenesevichdh@fema.gov,Female,131.29.166.150
487,Juliane,Ionn,jionndi@vistaprint.com,Female,112.154.126.165
488,Carling,Brimilcombe,cbrimilcombedj@sohu.com,Male,214.235.159.201
489,Iosep,Lutman,ilutmandk@alibaba.com,Male,176.19.117.102
490,Weider,Suddaby,wsuddabydl@acquirethisname.com,Male,237.177.153.4
491,Clemmie,Uppett,cuppettdm@sbwire.com,Female,166.34.226.230
492,Benny,Mein,bmeindn@wikia.com,Polygender,229.82.9.246
493,Heda,Kesteven,hkestevendo@list-manage.com,Female,36.248.52.250
494,Janenna,Vigrass,jvigrassdp@godaddy.com,Female,57.121.69.86
495,Eduardo,Felmingham,efelminghamdq@fda.gov,Male,83.132.105.92
496,Ronald,Espinel,respineldr@hexun.com,Male,241.69.32.29
497,Normand,Clementel,nclementelds@ucoz.ru,Male,110.133.213.214
498,Arden,Bagshaw,abagshawdt@hatena.ne.jp,Female,142.81.156.144
499,Geordie,Caistor,gcaistordu@tumblr.com,Male,227.175.103.63
500,Charlene,Crannage,ccrannagedv@biglobe.ne.jp,Female,4.124.9.230
501,Penelopa,Agge,paggedw@booking.com,Non-binary,0.7.32.159
502,Norbert,Haquin,nhaquindx@spiegel.de,Male,116.162.73.9
503,Vera,Prangley,vprangleydy@ibm.com,Female,9.52.75.25
504,Amalee,Mullineux,amullineuxdz@tuttocitta.it,Female,30.25.101.8
505,Morey,Lutzmann,mlutzmanne0@slashdot.org,Male,71.96.156.205
506,Domini,Denziloe,ddenziloee1@vinaora.com,Female,83.244.37.142
507,Rebeka,Neillans,rneillanse2@purevolume.com,Female,163.97.168.25
508,Tricia,Janecki,tjaneckie3@vinaora.com,Female,99.62.74.102
509,Monti,Lottrington,mlottringtone4@wordpress.org,Male,245.163.2.21
510,Corella,Fridaye,cfridayee5@posterous.com,Agender,9.100.200.151
511,Anna-diane,Lakenden,alakendene6@bloglovin.com,Female,85.56.232.161
512,Yanaton,Botley,ybotleye7@desdev.cn,Male,112.120.73.80
513,Opalina,Welsh,owelshe8@geocities.jp,Female,146.180.99.118
514,Alyosha,Kupke,akupkee9@wp.com,Polygender,148.241.163.1
515,Winona,Binns,wbinnsea@dot.gov,Female,168.200.235.71
516,Northrop,Embury,nemburyeb@wp.com,Male,215.113.47.133
517,Quinn,Follacaro,qfollacaroec@icio.us,Genderqueer,182.168.227.109
518,Veda,Trussman,vtrussmaned@sfgate.com,Female,95.29.166.186
519,Morgana,Germaine,mgermaineee@paginegialle.it,Female,160.46.93.176
520,Alano,Clampin,aclampinef@go.com,Agender,192.253.78.57
521,Waylan,Dorey,wdoreyeg@nhs.uk,Male,254.200.12.170
522,Tucky,Nowick,tnowickeh@ed.gov,Male,226.100.39.216
523,Wilbur,Boggers,wboggersei@goo.ne.jp,Male,18.214.29.184
524,Roda,Rex,rrexej@mail.ru,Female,148.21.175.25
525,Abba,Ayree,aayreeek@xrea.com,Male,95.92.246.251
526,Winnah,Huncote,whuncoteel@usatoday.com,Female,197.154.242.251
527,Emmery,Dye,edyeem@pinterest.com,Male,152.21.217.128
528,Filmore,Hitter,fhitteren@taobao.com,Male,8.22.189.42
529,Ebeneser,Brouncker,ebrounckereo@istockphoto.com,Male,12.108.122.106
530,Ameline,Faber,afaberep@sciencedirect.com,Female,173.5.126.202
531,Auguste,MacGlory,amacgloryeq@wikimedia.org,Female,42.243.90.96
532,Zared,Moyes,zmoyeser@latimes.com,Male,216.219.254.103
533,Valentino,McKiddin,vmckiddines@gnu.org,Male,103.100.16.151
534,Spence,Romayne,sromayneet@foxnews.com,Male,235.170.229.47
535,Guy,Canizares,gcanizareseu@nifty.com,Male,43.142.243.182
536,Palmer,Westcott,pwestcottev@bbb.org,Male,114.215.14.7
537,Sheela,Ambrosio,sambrosioew@mit.edu,Female,98.214.129.59
538,Armin,Ozintsev,aozintsevex@mayoclinic.com,Male,16.180.236.255
539,Pierre,Anscombe,panscombeey@squarespace.com,Male,238.140.71.124
540,Vlad,Thomazin,vthomazinez@pcworld.com,Male,53.53.45.248
541,Cullin,Gisbourn,cgisbournf0@ucsd.edu,Male,142.152.85.50
542,Neron,Sawley,nsawleyf1@discuz.net,Male,193.217.145.212
543,Doralin,Thomerson,dthomersonf2@addthis.com,Female,143.251.159.150
544,Timoteo,Morley,tmorleyf3@mlb.com,Non-binary,55.16.120.59
545,Phaidra,Crock,pcrockf4@joomla.org,Female,175.13.253.134
546,Cody,Rapi,crapif5@amazonaws.com,Non-binary,119.167.13.78
547,Des,Drinnan,ddrinnanf6@1688.com,Male,125.222.110.67
548,Verene,Truelove,vtruelovef7@discuz.net,Female,163.71.178.122
549,Sylvan,Everly,severlyf8@dyndns.org,Male,200.228.17.35
550,Reynold,Hurling,rhurlingf9@japanpost.jp,Male,160.163.49.61
551,Rafaelita,Vokes,rvokesfa@nature.com,Agender,225.113.71.83
552,Karissa,Gaudon,kgaudonfb@squidoo.com,Agender,127.49.142.187
553,Gram,Innman,ginnmanfc@arstechnica.com,Bigender,222.6.149.159
554,Kathy,Grimsey,kgrimseyfd@live.com,Bigender,129.76.166.91
555,Diannne,Humpherston,dhumpherstonfe@naver.com,Female,50.79.57.120
556,Durward,Baildon,dbaildonff@cnn.com,Male,60.120.245.135
557,Lexi,Packington,lpackingtonfg@marketwatch.com,Female,56.73.33.11
558,Yolanda,McCroary,ymccroaryfh@home.pl,Agender,191.84.29.243
559,Rowe,Rays,rraysfi@simplemachines.org,Female,173.20.43.186
560,Gaspar,Deppe,gdeppefj@ustream.tv,Non-binary,125.71.58.106
561,Maurizio,Alti,maltifk@cisco.com,Male,186.194.74.184
562,Catlaina,Bassick,cbassickfl@gnu.org,Female,182.67.223.171
563,Archibald,Doxsey,adoxseyfm@phpbb.com,Male,76.19.32.78
564,Jody,Swalough,jswaloughfn@microsoft.com,Female,73.224.130.85
565,Bary,Anwell,banwellfo@oakley.com,Male,105.17.147.133
566,Cully,Plessing,cplessingfp@ebay.com,Male,175.220.98.151
567,Alyda,Leeb,aleebfq@sciencedaily.com,Female,244.125.101.207
568,Beltran,Traut,btrautfr@4shared.com,Male,97.114.237.85
569,Timmie,Warrington,twarringtonfs@cornell.edu,Female,114.205.21.99
570,Amie,Lowdes,alowdesft@wufoo.com,Female,157.158.70.249
571,Francine,Simonsson,fsimonssonfu@mysql.com,Female,10.190.158.84
572,Kynthia,Balmann,kbalmannfv@ocn.ne.jp,Female,105.243.21.97
573,El,Roscam,eroscamfw@addthis.com,Male,39.162.227.144
574,Augie,Kohrsen,akohrsenfx@home.pl,Male,235.121.192.38
575,Raquela,Gawthrop,rgawthropfy@webmd.com,Female,244.126.184.206
576,Colet,Leith-Harvey,cleithharveyfz@unblog.fr,Male,0.180.198.59
577,Carlene,Bezemer,cbezemerg0@nationalgeographic.com,Female,124.105.148.39
578,Lambert,Sex,lsexg1@example.com,Male,226.180.115.22
579,Bartolomeo,Toomer,btoomerg2@census.gov,Male,83.145.50.227
580,Dagmar,Upjohn,dupjohng3@cornell.edu,Female,11.167.107.169
581,Lorin,Paterson,lpatersong4@artisteer.com,Polygender,147.151.65.149
582,Wanids,Janz,wjanzg5@purevolume.com,Female,166.202.248.21
583,Ofelia,Blaschke,oblaschkeg6@netlog.com,Female,41.136.189.55
584,Francesco,Jacob,fjacobg7@house.gov,Male,170.16.47.9
585,Gertruda,Strase,gstraseg8@ebay.co.uk,Genderqueer,124.135.4.7
586,Dionne,Spickett,dspickettg9@berkeley.edu,Female,243.165.210.216
587,Brand,Birkenhead,bbirkenheadga@github.io,Male,118.104.89.235
588,Gauthier,McTiernan,gmctiernangb@java.com,Non-binary,81.227.242.137
589,Sherlock,Barock,sbarockgc@bbc.co.uk,Male,133.87.94.63
590,Devin,Cossell,dcossellgd@cnet.com,Male,226.165.174.49
591,Madelyn,Ghest,mghestge@alexa.com,Female,121.19.22.43
592,Nobie,McSaul,nmcsaulgf@eepurl.com,Male,51.79.89.156
593,Irvine,Attwater,iattwatergg@dailymotion.com,Male,175.102.148.9
594,Kaiser,Babcock,kbabcockgh@jiathis.com,Male,99.114.56.255
595,Conrado,Middell,cmiddellgi@pinterest.com,Male,153.62.76.59
596,Freedman,MacAree,fmacareegj@hibu.com,Male,114.170.83.8
597,Myranda,Lowes,mlowesgk@bloglines.com,Genderfluid,25.151.205.154
598,Carlie,Petchey,cpetcheygl@jimdo.com,Male,81.210.206.90
599,Ashby,Whight,awhightgm@cmu.edu,Male,77.118.173.160
600,Denny,Gonsalvo,dgonsalvogn@zimbio.com,Genderfluid,45.59.13.65
601,Abba,Brastead,abrasteadgo@homestead.com,Male,113.204.22.129
602,Philis,Gobell,pgobellgp@parallels.com,Female,197.198.28.18
603,Karena,Fockes,kfockesgq@bing.com,Female,94.0.174.221
604,Gustavus,Birmingham,gbirminghamgr@t-online.de,Male,185.27.136.78
605,Othella,Fittes,ofittesgs@usda.gov,Female,226.252.235.95
606,Lonnie,Pynner,lpynnergt@elpais.com,Female,233.182.8.174
607,Nickolaus,Hubbold,nhubboldgu@homestead.com,Male,224.189.170.96
608,Dall,Cochet,dcochetgv@clickbank.net,Male,246.90.123.16
609,Linn,Philippard,lphilippardgw@odnoklassniki.ru,Agender,117.181.48.131
610,Danyette,Khristyukhin,dkhristyukhingx@sogou.com,Female,88.205.231.160
611,Harlie,Stanion,hstaniongy@eventbrite.com,Female,15.174.173.50
612,Bettye,MacGrath,bmacgrathgz@goo.ne.jp,Female,44.118.127.94
613,Pernell,Stonier,pstonierh0@rakuten.co.jp,Male,113.232.148.133
614,Mela,Persse,mpersseh1@merriam-webster.com,Female,110.24.102.151
615,Cody,Le Brom,clebromh2@cbslocal.com,Genderqueer,7.93.144.37
616,Annamaria,Brotherton,abrothertonh3@yahoo.com,Female,74.57.218.138
617,Nikolaus,Harrinson,nharrinsonh4@twitpic.com,Male,67.192.12.240
618,Isidore,Quant,iquanth5@intel.com,Male,218.2.25.234
619,Ardene,Dunleavy,adunleavyh6@paypal.com,Female,201.5.207.50
620,Madeline,Toffoloni,mtoffolonih7@washingtonpost.com,Female,227.163.175.27
621,Coralyn,Waine,cwaineh8@xinhuanet.com,Polygender,121.38.181.96
622,Augustine,Byway,abywayh9@tripod.com,Female,184.4.177.129
623,Enriqueta,Firby,efirbyha@php.net,Female,24.247.137.67
624,Rhett,Dummigan,rdummiganhb@ebay.co.uk,Male,132.228.92.135
625,Nettie,Trobridge,ntrobridgehc@netscape.com,Female,117.108.163.135
626,Duff,Kynston,dkynstonhd@dailymotion.com,Male,234.63.196.187
627,Lynn,Tarzey,ltarzeyhe@ucla.edu,Female,214.136.26.199
628,Maiga,Jobb,mjobbhf@vk.com,Non-binary,209.23.103.183
629,Florian,Kinzel,fkinzelhg@un.org,Male,207.37.28.232
630,Norry,Tigner,ntignerhh@weebly.com,Non-binary,96.112.184.252
631,Daryn,Presslee,dpressleehi@accuweather.com,Female,127.157.87.149
632,Brendan,Conre,bconrehj@va.gov,Male,95.161.53.132
633,Gerladina,McLeod,gmcleodhk@biblegateway.com,Bigender,186.100.156.202
634,Deloria,Leggon,dleggonhl@naver.com,Female,29.29.213.92
635,Chaddie,Duprey,cdupreyhm@4shared.com,Male,196.31.241.108
636,Ruthie,Seyffert,rseyfferthn@privacy.gov.au,Female,205.72.3.158
637,Marget,Thumann,mthumannho@desdev.cn,Female,217.50.206.70
638,Gaultiero,Wiersma,gwiersmahp@sfgate.com,Male,239.29.48.84
639,Vere,Syalvester,vsyalvesterhq@paginegialle.it,Female,188.94.175.243
640,Angelique,Pocklington,apocklingtonhr@amazon.de,Non-binary,41.238.33.208
641,Ella,Le Cornu,elecornuhs@techcrunch.com,Female,51.102.73.234
642,Vasili,Avieson,vaviesonht@businessweek.com,Male,36.242.206.50
643,Monique,Babidge,mbabidgehu@sitemeter.com,Female,126.244.97.130
644,Martelle,Chelnam,mchelnamhv@bloglovin.com,Female,149.68.1.157
645,Arlinda,Whitcher,awhitcherhw@timesonline.co.uk,Female,25.214.5.189
646,Wildon,Reven,wrevenhx@pcworld.com,Male,198.154.41.6
647,Lynnelle,Porritt,lporritthy@prnewswire.com,Genderqueer,37.215.237.127
648,Barby,Cancellario,bcancellariohz@moonfruit.com,Female,198.134.202.8
649,Flem,Marquand,fmarquandi0@cnn.com,Male,24.160.17.1
650,Siffre,Hylands,shylandsi1@bluehost.com,Male,109.84.191.37
651,Lem,Privost,lprivosti2@bluehost.com,Male,44.251.226.219
652,Tymothy,Cridlin,tcridlini3@mashable.com,Male,255.10.100.62
653,Vito,Sperring,vsperringi4@tamu.edu,Male,229.155.18.73
654,Kerk,Terrelly,kterrellyi5@instagram.com,Male,244.229.203.200
655,Lanna,Newton,lnewtoni6@dailymotion.com,Bigender,231.248.33.64
656,Felicio,McEwan,fmcewani7@theatlantic.com,Male,183.49.203.91
657,Othella,Chazerand,ochazerandi8@twitpic.com,Female,188.228.250.21
658,Margarete,Steiner,msteineri9@parallels.com,Female,151.14.177.60
659,Dan,Garvagh,dgarvaghia@fastcompany.com,Male,76.69.166.71
660,Bobbie,Tiernan,btiernanib@amazon.co.jp,Male,0.14.228.144
661,Ludwig,Bony,lbonyic@slashdot.org,Male,2.93.190.79
662,Lira,Weal,lwealid@army.mil,Female,185.177.25.75
663,Karna,Creeghan,kcreeghanie@cornell.edu,Female,203.146.254.227
664,Pavel,Clemenzo,pclemenzoif@nytimes.com,Male,54.182.248.170
665,Binky,McIlwaine,bmcilwaineig@constantcontact.com,Male,97.132.46.166
666,Ev,Pellew,epellewih@newyorker.com,Male,42.212.86.202
667,Roxana,Crassweller,rcrasswellerii@sfgate.com,Female,245.19.127.213
668,Clementia,Eich,ceichij@cdbaby.com,Female,219.182.205.125
669,Fields,Millyard,fmillyardik@alibaba.com,Male,67.20.160.83
670,Dan,Ummfrey,dummfreyil@pbs.org,Male,63.12.39.50
671,Gilles,O'Driscole,godriscoleim@china.com.cn,Male,78.88.2.250
672,Lil,Hush,lhushin@google.ca,Female,11.90.189.100
673,Tobi,Elsdon,telsdonio@marriott.com,Female,91.100.67.49
674,Christopher,Licciardello,clicciardelloip@mtv.com,Male,235.41.122.17
675,Daphna,Lillford,dlillfordiq@blogger.com,Female,225.74.183.56
676,Margery,Potteridge,mpotteridgeir@google.co.jp,Non-binary,63.155.151.198
677,Jolene,Baggott,jbaggottis@blogtalkradio.com,Female,197.184.40.158
678,Tabitha,Powderham,tpowderhamit@tripadvisor.com,Female,199.232.177.77
679,Jose,Rolin,jroliniu@stanford.edu,Male,177.38.172.43
680,Lanie,Oboy,loboyiv@bloglines.com,Male,58.2.216.152
681,Jolyn,Gourdon,jgourdoniw@who.int,Polygender,206.7.43.179
682,Leroi,Andreacci,landreacciix@ameblo.jp,Male,80.195.233.22
683,Peyter,Warfield,pwarfieldiy@sitemeter.com,Male,184.193.191.220
684,Scotty,Wilce,swilceiz@wikimedia.org,Male,253.38.204.227
685,Muriel,Burdytt,mburdyttj0@sbwire.com,Female,161.64.227.46
686,Silvano,Brookton,sbrooktonj1@time.com,Non-binary,50.81.87.202
687,Eb,Maruszewski,emaruszewskij2@goo.ne.jp,Male,134.54.81.231
688,Grant,Pechard,gpechardj3@army.mil,Male,197.204.232.121
689,Britte,Waldron,bwaldronj4@bizjournals.com,Female,147.161.79.123
690,Tobye,Heinish,theinishj5@hexun.com,Female,189.200.83.237
691,Catarina,Lumley,clumleyj6@ted.com,Non-binary,142.107.249.252
692,Donetta,Bosson,dbossonj7@hostgator.com,Female,110.160.208.30
693,Sophie,Mewha,smewhaj8@sphinn.com,Female,2.210.194.86
694,Jessee,Beckitt,jbeckittj9@ezinearticles.com,Male,156.246.157.30
695,Gian,Marvel,gmarvelja@skype.com,Male,96.201.58.72
696,Dasie,Boome,dboomejb@yolasite.com,Agender,134.221.244.218
697,Farleigh,Goldine,fgoldinejc@washington.edu,Bigender,255.192.139.230
698,Waldo,Lescop,wlescopjd@mtv.com,Male,160.224.96.72
699,Rabi,Fallis,rfallisje@gov.uk,Genderqueer,94.140.170.190
700,Willdon,Bangs,wbangsjf@php.net,Male,236.10.211.234
701,Brant,Bartalin,bbartalinjg@bluehost.com,Male,43.15.227.136
702,Selena,Willford,swillfordjh@abc.net.au,Female,103.193.214.26
703,Myrna,Naisbet,mnaisbetji@naver.com,Female,248.84.240.80
704,Stanley,Dametti,sdamettijj@mozilla.com,Male,55.174.0.248
705,Krishna,Cokely,kcokelyjk@samsung.com,Male,13.114.187.86
706,Deck,Bartczak,dbartczakjl@opera.com,Male,254.161.163.214
707,Padriac,Purtell,ppurtelljm@surveymonkey.com,Male,15.195.206.53
708,Sibylla,Matussov,smatussovjn@shareasale.com,Female,13.101.206.151
709,Halimeda,Tregoning,htregoningjo@clickbank.net,Female,154.78.25.46
710,Terrye,Domenicone,tdomeniconejp@nature.com,Female,84.20.72.9
711,Ryun,Sleith,rsleithjq@nih.gov,Male,92.87.220.105
712,Jackelyn,Roman,jromanjr@flickr.com,Female,153.85.107.13
713,Barth,Pember,bpemberjs@goo.ne.jp,Male,138.186.34.80
714,Casie,Danielski,cdanielskijt@xinhuanet.com,Non-binary,184.250.204.11
715,Hanni,Wenham,hwenhamju@nsw.gov.au,Female,91.124.67.37
716,Abner,Nowell,anowelljv@loc.gov,Male,191.138.171.214
717,Rodger,Pancoast,rpancoastjw@cbsnews.com,Male,30.172.172.65
718,Callie,Swinley,cswinleyjx@tinyurl.com,Female,176.151.157.102
719,Anjanette,Mate,amatejy@cam.ac.uk,Female,33.174.151.236
720,Hadleigh,Francioli,hfranciolijz@163.com,Male,188.87.180.235
721,Rick,Shrimpling,rshrimplingk0@imageshack.us,Male,176.78.15.163
722,Monro,Girkin,mgirkink1@patch.com,Male,25.179.120.162
723,Claudine,Moy,cmoyk2@imageshack.us,Genderfluid,42.227.116.73
724,Jedd,Comberbeach,jcomberbeachk3@thetimes.co.uk,Male,240.168.115.133
725,Kevyn,de Copeman,kdecopemank4@nytimes.com,Female,116.144.40.152
726,Reade,Volks,rvolksk5@bloomberg.com,Male,32.185.10.83
727,Justina,Semeradova,jsemeradovak6@wsj.com,Female,26.241.54.214
728,Irving,Blabey,iblabeyk7@fc2.com,Male,118.26.170.185
729,Stormie,Bason,sbasonk8@wix.com,Female,223.224.104.232
730,Lee,Lampert,llampertk9@livejournal.com,Male,73.36.150.231
731,Jedd,Saxon,jsaxonka@indiatimes.com,Male,1.27.224.242
732,Sheelagh,McMylor,smcmylorkb@fema.gov,Female,166.143.204.233
733,Aurora,Sabine,asabinekc@bandcamp.com,Female,36.189.117.136
734,Merci,Gianettini,mgianettinikd@exblog.jp,Female,156.136.88.92
735,Lynda,Burden,lburdenke@t-online.de,Female,122.199.228.21
736,Les,Viveash,lviveashkf@imdb.com,Male,225.153.192.216
737,Cazzie,Lauxmann,clauxmannkg@blog.com,Male,189.7.211.89
738,Horace,MacDougal,hmacdougalkh@is.gd,Male,173.82.75.127
739,Glynn,Ebunoluwa,gebunoluwaki@independent.co.uk,Male,42.173.187.196
740,Myrwyn,Welburn,mwelburnkj@mtv.com,Male,34.115.129.26
741,Valerye,Shapira,vshapirakk@imdb.com,Female,120.134.78.35
742,Truman,Camillo,tcamillokl@ox.ac.uk,Male,241.106.15.112
743,Holt,Nolli,hnollikm@goodreads.com,Male,29.216.235.39
744,Dee dee,Barlace,dbarlacekn@cbslocal.com,Female,181.254.51.35
745,Kenna,Redgewell,kredgewellko@reuters.com,Bigender,170.136.156.168
746,Reinhard,Andor,randorkp@shareasale.com,Male,120.12.134.86
747,Maris,Berkeley,mberkeleykq@cornell.edu,Female,220.94.225.108
748,Bernadene,Allonby,ballonbykr@uiuc.edu,Female,82.251.23.123
749,Vernor,Gurnay,vgurnayks@bing.com,Male,101.45.54.131
750,Miltie,Sears,msearskt@list-manage.com,Male,144.5.2.15
751,Carey,Heims,cheimsku@salon.com,Male,245.221.177.36
752,Wrennie,Wheelton,wwheeltonkv@mayoclinic.com,Female,117.222.222.65
753,Saw,Hamlett,shamlettkw@clickbank.net,Male,210.224.154.255
754,Morton,Comoletti,mcomolettikx@senate.gov,Male,104.97.179.24
755,Yul,Sinfield,ysinfieldky@networkadvertising.org,Male,120.99.150.153
756,Jeffy,Le Grys,jlegryskz@squarespace.com,Male,84.214.128.128
757,Kaine,Quigg,kquiggl0@1und1.de,Male,32.193.235.255
758,Garry,Corradini,gcorradinil1@about.me,Male,187.123.209.83
759,Kalila,Giannoni,kgiannonil2@homestead.com,Female,45.101.179.134
760,Jacquetta,McCreagh,jmccreaghl3@narod.ru,Female,106.27.89.148
761,Alberik,Snedden,asneddenl4@tinyurl.com,Male,236.164.57.210
762,Reinald,Varfalameev,rvarfalameevl5@lycos.com,Male,148.187.21.138
763,Alma,Fomichyov,afomichyovl6@skyrock.com,Genderqueer,9.158.154.0
764,Johnna,Bisatt,jbisattl7@squidoo.com,Female,163.148.15.133
765,Clementine,Connick,cconnickl8@bloglovin.com,Female,172.63.124.217
766,Leicester,Adamson,ladamsonl9@plala.or.jp,Male,151.210.15.183
767,Ahmad,Hallihan,ahallihanla@army.mil,Male,179.69.212.160
768,Rock,O' Brian,robrianlb@cpanel.net,Male,25.162.147.224
769,Flossi,Bobasch,fbobaschlc@cornell.edu,Female,117.17.20.91
770,Dorie,Muirhead,dmuirheadld@illinois.edu,Male,95.67.15.84
771,Ely,Eplate,eeplatele@google.co.jp,Genderfluid,66.110.244.246
772,Hurley,Vedyaev,hvedyaevlf@zdnet.com,Male,163.100.252.15
773,Milka,McGonigal,mmcgonigallg@rediff.com,Female,155.148.7.66
774,Bab,Jain,bjainlh@sphinn.com,Female,71.44.193.215
775,Rock,Chieco,rchiecoli@yellowbook.com,Male,217.62.86.175
776,Anna-maria,Rowlinson,arowlinsonlj@intel.com,Female,120.113.88.245
777,Mercedes,Hinken,mhinkenlk@berkeley.edu,Female,87.150.135.190
778,Dar,Armstrong,darmstrongll@stumbleupon.com,Male,161.247.100.50
779,Sidonia,Cooksley,scooksleylm@delicious.com,Non-binary,161.241.40.126
780,Greer,Whitington,gwhitingtonln@webeden.co.uk,Female,150.20.2.83
781,Alayne,Amott,aamottlo@illinois.edu,Female,248.40.55.72
782,Langston,Korba,lkorbalp@dedecms.com,Genderqueer,202.227.144.86
783,Gabby,Hairyes,ghairyeslq@icio.us,Male,0.127.73.59
784,Phillida,Melledy,pmelledylr@businessinsider.com,Female,97.10.102.76
785,Che,Dugan,cduganls@chronoengine.com,Male,50.57.61.66
786,Lyndsay,Hopkins,lhopkinslt@dion.ne.jp,Female,60.100.77.42
787,Leone,Ikin,likinlu@utexas.edu,Female,219.107.109.121
788,Lydia,Gioani,lgioanilv@ifeng.com,Female,72.89.76.23
789,Ly,McGirl,lmcgirllw@ovh.net,Male,18.97.126.65
790,Nev,Kelsall,nkelsalllx@exblog.jp,Male,164.248.48.140
791,Fleurette,Tongue,ftonguely@photobucket.com,Female,196.151.125.102
792,Andree,Smitham,asmithamlz@xinhuanet.com,Female,142.180.82.156
793,Mair,Cammocke,mcammockem0@cyberchimps.com,Female,252.225.10.83
794,Ichabod,Garvey,igarveym1@skyrock.com,Male,140.140.121.242
795,Adaline,McMillan,amcmillanm2@illinois.edu,Female,18.70.47.57
796,Kip,Melbury,kmelburym3@feedburner.com,Non-binary,93.127.186.68
797,Bowie,Clampett,bclampettm4@infoseek.co.jp,Male,1.189.114.246
798,Jervis,Enevoldsen,jenevoldsenm5@umn.edu,Male,185.183.5.86
799,Lou,Yakovl,lyakovlm6@skype.com,Polygender,161.149.140.78
800,Jerrome,Fairnie,jfairniem7@imgur.com,Male,66.106.121.211
801,Rebekah,Tuer,rtuerm8@taobao.com,Bigender,56.67.205.152
802,Neille,Sunners,nsunnersm9@seattletimes.com,Female,138.188.80.5
803,Paule,Greneham,pgrenehamma@weebly.com,Female,230.82.137.65
804,Keefer,Gantzman,kgantzmanmb@photobucket.com,Male,180.242.109.44
805,Belvia,Binner,bbinnermc@bbb.org,Female,51.240.112.40
806,Roxanna,Ditzel,rditzelmd@sun.com,Female,108.208.142.30
807,Walker,Ritson,writsonme@rakuten.co.jp,Male,207.20.223.45
808,Sergeant,Lowing,slowingmf@quantcast.com,Male,62.21.219.101
809,Dallon,Buckeridge,dbuckeridgemg@google.cn,Non-binary,92.215.179.35
810,Shirline,Fearnyhough,sfearnyhoughmh@bigcartel.com,Female,158.200.2.211
811,Babbie,Abeau,babeaumi@mtv.com,Female,241.77.241.102
812,Glynda,Strettell,gstrettellmj@symantec.com,Female,158.156.158.214
813,Gris,Tennant,gtennantmk@weebly.com,Male,46.220.150.135
814,Lissi,Purdie,lpurdieml@1und1.de,Female,91.136.86.86
815,Hilario,Date,hdatemm@webnode.com,Male,42.8.25.205
816,Eddi,Humpherson,ehumphersonmn@friendfeed.com,Female,71.38.159.158
817,Natty,Beckwith,nbeckwithmo@csmonitor.com,Male,1.176.141.242
818,Alfredo,Graser,agrasermp@soup.io,Polygender,181.58.23.45
819,Noach,Scarman,nscarmanmq@house.gov,Male,90.92.29.39
820,Harper,Yushachkov,hyushachkovmr@qq.com,Male,59.176.84.92
821,Dionisio,Abbitt,dabbittms@technorati.com,Agender,124.28.130.155
822,Carina,Moral,cmoralmt@hao123.com,Female,55.30.83.179
823,Darb,Huck,dhuckmu@qq.com,Female,117.163.31.130
824,Doralyn,Oldham,doldhammv@over-blog.com,Female,251.113.232.159
825,Farr,Paxforde,fpaxfordemw@ustream.tv,Male,235.89.17.231
826,Rasia,Vaadeland,rvaadelandmx@furl.net,Female,100.132.123.165
827,Tanhya,De la Yglesias,tdelayglesiasmy@cnn.com,Female,128.86.11.109
828,Rosalia,Coldtart,rcoldtartmz@chronoengine.com,Female,109.114.91.105
829,Alano,McFaell,amcfaelln0@nationalgeographic.com,Genderfluid,6.99.183.185
830,Eveleen,Delves,edelvesn1@pagesperso-orange.fr,Female,142.221.241.12
831,Lynnette,Hoston,lhostonn2@buzzfeed.com,Female,20.12.210.93
832,Venus,Spain,vspainn3@storify.com,Female,97.202.42.50
833,Bibby,Waller,bwallern4@jugem.jp,Female,217.221.151.103
834,Collie,Clough,ccloughn5@adobe.com,Female,240.180.120.72
835,Claudius,Greve,cgreven6@slate.com,Male,43.119.202.17
836,Marve,Byres,mbyresn7@ftc.gov,Male,59.124.56.190
837,Essy,Pallin,epallinn8@newyorker.com,Female,229.248.236.88
838,Oliver,Flament,oflamentn9@guardian.co.uk,Male,197.14.105.176
839,Norbert,Rands,nrandsna@ameblo.jp,Male,97.174.10.132
840,Tracie,Branney,tbranneynb@samsung.com,Male,26.133.190.5
841,Cate,Airton,cairtonnc@g.co,Female,119.93.66.233
842,Nigel,Eminson,neminsonnd@msn.com,Male,225.150.46.67
843,Jessalin,Franceschi,jfranceschine@pinterest.com,Female,164.74.9.32
844,Tilly,Thame,tthamenf@yellowpages.com,Female,213.4.55.202
845,Norbie,Feathers,nfeathersng@samsung.com,Male,253.174.217.15
846,Alphonse,Pydcock,apydcocknh@bloglovin.com,Male,50.77.83.191
847,Rice,Tellenbach,rtellenbachni@mozilla.com,Male,157.177.76.64
848,Cass,Bennison,cbennisonnj@posterous.com,Female,100.180.246.89
849,Hadlee,Pitman,hpitmannk@ftc.gov,Male,148.179.125.220
850,Phoebe,Ruppeli,pruppelinl@github.io,Female,96.1.173.214
851,Townsend,McMylor,tmcmylornm@webs.com,Male,255.89.64.34
852,Caterina,Khadir,ckhadirnn@meetup.com,Female,249.210.59.190
853,Bari,Jeune,bjeuneno@wordpress.com,Polygender,63.28.208.140
854,Knox,Lockitt,klockittnp@tamu.edu,Male,181.251.215.56
855,Tonye,Lebarree,tlebarreenq@google.co.uk,Female,98.239.177.199
856,Kinny,Eustice,keusticenr@virginia.edu,Male,113.60.193.244
857,Koo,Gostridge,kgostridgens@de.vu,Female,41.31.42.19
858,Brian,Alldread,balldreadnt@miitbeian.gov.cn,Male,2.135.206.149
859,Elena,Cheeld,echeeldnu@admin.ch,Female,198.182.146.12
860,Carter,Hutchin,chutchinnv@mozilla.com,Male,54.164.28.210
861,Stacia,Eve,sevenw@wikia.com,Female,58.184.9.10
862,Binni,Van Niekerk,bvanniekerknx@deviantart.com,Female,39.61.126.60
863,Misty,Restorick,mrestorickny@google.co.jp,Female,231.246.178.232
864,Allene,Varden,avardennz@wordpress.org,Female,50.98.81.103
865,Ingemar,Brevetor,ibrevetoro0@oracle.com,Male,31.111.175.150
866,Salvador,Rosborough,srosborougho1@howstuffworks.com,Male,229.84.116.29
867,Russ,Treffrey,rtreffreyo2@disqus.com,Male,182.113.55.108
868,Myrtia,Prescot,mprescoto3@archive.org,Female,242.198.106.97
869,Clari,Cleife,ccleifeo4@flickr.com,Female,183.106.223.230
870,Tucky,Seeney,tseeneyo5@forbes.com,Male,156.27.150.115
871,Kelwin,Whittington,kwhittingtono6@washington.edu,Male,174.36.150.187
872,Aaron,Le Blanc,aleblanco7@t-online.de,Male,101.128.34.172
873,Johnna,Penella,jpenellao8@google.pl,Female,22.85.105.80
874,Harwell,Wimmers,hwimmerso9@goo.ne.jp,Male,66.118.106.7
875,Priscilla,Wonfor,pwonforoa@nps.gov,Female,178.27.152.117
876,Micky,Evens,mevensob@cnet.com,Female,136.140.10.232
877,Dollie,Binnion,dbinnionoc@flickr.com,Female,241.153.246.130
878,Cordie,Sergean,csergeanod@altervista.org,Male,255.203.55.41
879,Toddy,Dugget,tduggetoe@unicef.org,Male,139.139.251.76
880,Thia,Turvey,tturveyof@xing.com,Female,109.174.119.48
881,Carling,Kamall,ckamallog@ask.com,Male,73.143.243.210
882,Filberto,Chevis,fchevisoh@newsvine.com,Male,228.175.239.144
883,Orella,McJury,omcjuryoi@macromedia.com,Female,187.86.130.89
884,Patten,Rain,prainoj@xing.com,Male,74.27.9.100
885,Grant,Yarnton,gyarntonok@chicagotribune.com,Genderqueer,238.162.221.30
886,Millie,Beverage,mbeverageol@illinois.edu,Female,2.85.247.176
887,Thorvald,Extall,textallom@jiathis.com,Male,227.0.137.52
888,Corine,Lafayette,clafayetteon@bbb.org,Female,108.75.130.47
889,Nevile,Ramsted,nramstedoo@merriam-webster.com,Male,12.79.46.75
890,Kristofer,Fishpond,kfishpondop@cdc.gov,Male,207.218.39.13
891,Patrick,Dries,pdriesoq@wordpress.com,Male,96.234.146.242
892,Lotte,Stedall,lstedallor@gizmodo.com,Female,234.230.90.42
893,Lauren,Downing,ldowningos@last.fm,Female,153.214.30.148
894,Naomi,Parkes,nparkesot@businessinsider.com,Female,189.109.125.52
895,Phyllys,Mesant,pmesantou@bigcartel.com,Female,227.239.110.76
896,Bobette,Death,bdeathov@archive.org,Female,106.104.223.128
897,Averell,Van Der Hoog,avanderhoogow@paypal.com,Male,249.239.50.123
898,Mitchael,Klaassens,mklaassensox@clickbank.net,Genderqueer,24.94.129.209
899,Rob,Madelin,rmadelinoy@1und1.de,Male,54.160.45.32
900,Susanetta,Valens-Smith,svalenssmithoz@ox.ac.uk,Female,166.185.239.26
901,Thedric,Alabastar,talabastarp0@sina.com.cn,Male,86.114.52.181
902,Joseph,Rosenbusch,jrosenbuschp1@google.com.au,Male,230.111.86.251
903,Eddi,Jolliss,ejollissp2@webnode.com,Female,113.79.142.128
904,Cathryn,Seger,csegerp3@xinhuanet.com,Agender,79.95.4.176
905,Elana,Drioli,edriolip4@unicef.org,Female,172.15.170.125
906,Fin,Swaffer,fswafferp5@unblog.fr,Male,47.103.83.53
907,Nerte,Zupo,nzupop6@deliciousdays.com,Female,237.117.39.176
908,Suzy,Jackalin,sjackalinp7@w3.org,Female,94.222.55.174
909,Tammi,Manssuer,tmanssuerp8@123-reg.co.uk,Female,96.236.245.0
910,Nessie,Nutbrown,nnutbrownp9@tripod.com,Female,229.8.40.251
911,Marion,Whetnall,mwhetnallpa@comsenz.com,Male,79.180.14.60
912,Dayna,Stanway,dstanwaypb@deviantart.com,Female,179.219.129.7
913,Eugen,Dashper,edashperpc@blinklist.com,Male,203.46.23.183
914,Justen,Ochiltree,jochiltreepd@fastcompany.com,Agender,20.102.173.158
915,Lia,Vittore,lvittorepe@chronoengine.com,Female,39.163.192.17
916,Idaline,Wabersich,iwabersichpf@newyorker.com,Female,154.34.26.77
917,Blair,Ruhben,bruhbenpg@npr.org,Female,229.125.55.6
918,Guntar,Crinage,gcrinageph@naver.com,Male,20.220.26.41
919,Igor,De Angelis,ideangelispi@chronoengine.com,Male,67.36.215.15
920,Tina,Moreby,tmorebypj@yellowbook.com,Female,190.91.151.214
921,Kingsley,MacAlester,kmacalesterpk@yellowbook.com,Male,32.197.37.108
922,Geoffrey,Mewe,gmewepl@msu.edu,Male,117.2.155.78
923,Gregorius,Elloway,gellowaypm@webmd.com,Male,119.196.211.74
924,Karalynn,Symmons,ksymmonspn@jalbum.net,Female,250.153.52.132
925,Tracie,Chatan,tchatanpo@imdb.com,Male,244.84.165.2
926,Tomaso,Focke,tfockepp@youku.com,Male,16.200.133.136
927,Reinwald,Duddin,rduddinpq@youtu.be,Male,208.5.71.169
928,Heidie,Muncer,hmuncerpr@yellowpages.com,Female,149.82.83.227
929,Dino,Okeshott,dokeshottps@nhs.uk,Male,208.1.144.154
930,Celine,Larmet,clarmetpt@chron.com,Female,68.56.253.8
931,Merl,Mantle,mmantlepu@cdc.gov,Female,222.78.21.211
932,Edlin,Marrow,emarrowpv@cdbaby.com,Male,40.182.104.191
933,Moises,Bucky,mbuckypw@hp.com,Male,142.66.248.155
934,Nonie,Iannuzzelli,niannuzzellipx@shutterfly.com,Genderfluid,155.228.250.253
935,Joe,Orrick,jorrickpy@elpais.com,Genderfluid,148.77.202.252
936,Pat,De Lacey,pdelaceypz@sina.com.cn,Female,32.29.8.76
937,Jenifer,Yegorkov,jyegorkovq0@disqus.com,Female,135.69.240.18
938,Mitch,Oxbie,moxbieq1@princeton.edu,Male,122.126.52.22
939,Reeba,Grady,rgradyq2@nydailynews.com,Female,54.31.88.231
940,Beverie,Iacivelli,biacivelliq3@imageshack.us,Female,3.234.94.73
941,Julio,Owbridge,jowbridgeq4@twitpic.com,Male,86.244.158.140
942,Pen,Raisbeck,praisbeckq5@tiny.cc,Male,222.232.56.239
943,Windham,Teresi,wteresiq6@joomla.org,Male,46.17.117.57
944,Christophorus,Valsler,cvalslerq7@1688.com,Male,7.207.190.23
945,Mack,Wipfler,mwipflerq8@bing.com,Male,78.248.73.240
946,Lu,Mossdale,lmossdaleq9@dagondesign.com,Female,166.159.132.69
947,Ivy,Swancott,iswancottqa@t.co,Female,18.31.95.253
948,Alyce,Treat,atreatqb@dot.gov,Non-binary,16.42.211.178
949,Michelle,Moorfield,mmoorfieldqc@so-net.ne.jp,Female,50.79.174.111
950,Jorie,Abthorpe,jabthorpeqd@census.gov,Female,103.219.142.77
951,Rabi,Dederich,rdederichqe@sogou.com,Male,27.220.169.170
952,Hart,Dumper,hdumperqf@homestead.com,Male,92.165.171.33
953,Sholom,Duggon,sduggonqg@smugmug.com,Male,21.156.225.32
954,Dru,St. Louis,dstlouisqh@multiply.com,Female,145.22.127.131
955,Kayla,Braden,kbradenqi@dailymotion.com,Female,71.158.234.86
956,Ola,Bearcock,obearcockqj@marriott.com,Female,109.126.237.8
957,Suzanne,Ellard,sellardqk@hud.gov,Female,169.91.140.254
958,Janeva,Hacker,jhackerql@nhs.uk,Female,229.142.98.241
959,Gracia,Paty,gpatyqm@trellian.com,Female,119.14.249.134
960,Teresita,Conibeer,tconibeerqn@biglobe.ne.jp,Female,237.183.181.71
961,Redford,O'Hallagan,rohallaganqo@buzzfeed.com,Male,191.187.165.125
962,Saidee,Brandom,sbrandomqp@shinystat.com,Agender,60.33.38.58
963,Calla,Swinnerton,cswinnertonqq@msn.com,Female,207.144.201.243
964,Panchito,Peat,ppeatqr@delicious.com,Male,179.152.41.232
965,Milicent,Dumbell,mdumbellqs@examiner.com,Female,133.224.62.46
966,Robinett,Thomelin,rthomelinqt@msu.edu,Female,116.6.124.104
967,Thibaud,Burkin,tburkinqu@stanford.edu,Male,79.54.246.108
968,Brina,Tetlow,btetlowqv@quantcast.com,Female,70.103.34.29
969,Bryana,Amesbury,bamesburyqw@people.com.cn,Female,246.95.84.141
970,Aron,Leworthy,aleworthyqx@chronoengine.com,Male,213.142.73.124
971,Ami,Gantlett,agantlettqy@chron.com,Female,147.249.52.4
972,Charlean,Sheeran,csheeranqz@php.net,Female,102.44.2.43
973,Edita,Braithwaite,ebraithwaiter0@blogspot.com,Female,204.89.44.106
974,Marigold,Armatage,marmatager1@bigcartel.com,Female,139.105.173.147
975,Delcine,Bloan,dbloanr2@amazon.co.uk,Female,244.208.224.201
976,Devondra,Bedwell,dbedwellr3@businesswire.com,Female,120.88.246.242
977,Anestassia,Sargeant,asargeantr4@fc2.com,Female,161.255.11.70
978,Lani,Duffield,lduffieldr5@amazon.com,Female,234.178.245.136
979,Aldo,Tunny,atunnyr6@mapy.cz,Male,174.67.179.255
980,Madelaine,Ivell,mivellr7@tinyurl.com,Female,29.67.7.1
981,Agata,Dickings,adickingsr8@shutterfly.com,Female,24.148.13.138
982,Gilli,Tomek,gtomekr9@timesonline.co.uk,Female,173.92.133.43
983,Gunner,Worsnap,gworsnapra@princeton.edu,Male,36.136.46.118
984,Aleta,Fancutt,afancuttrb@aol.com,Genderfluid,205.145.9.35
985,Koressa,Mariet,kmarietrc@discovery.com,Female,175.136.91.4
986,Merwyn,Stapells,mstapellsrd@amazonaws.com,Male,130.78.246.175
987,Ki,Matejic,kmatejicre@slashdot.org,Female,74.91.135.63
988,Cecily,Pipworth,cpipworthrf@hatena.ne.jp,Female,94.215.56.196
989,Bealle,Applewhite,bapplewhiterg@hostgator.com,Male,142.14.244.87
990,Monica,MacMoyer,mmacmoyerrh@dailymail.co.uk,Female,213.168.56.49
991,Beatriz,Kemet,bkemetri@last.fm,Female,134.195.255.241
992,Lukas,Jeens,ljeensrj@storify.com,Male,55.254.73.73
993,Aaron,Gorner,agornerrk@cocolog-nifty.com,Male,37.7.30.113
994,Josias,Brookwell,jbrookwellrl@vkontakte.ru,Male,110.74.4.38
995,Koren,Ledwich,kledwichrm@blogger.com,Non-binary,178.53.49.75
996,Audi,Dzeniskevich,adzeniskevichrn@dell.com,Female,177.191.209.33
997,Neila,Coombs,ncoombsro@springer.com,Female,55.237.134.104
998,Marnia,Paik,mpaikrp@typepad.com,Female,193.226.106.230
999,Travis,Derx,tderxrq@unicef.org,Genderfluid,229.82.159.146
1000,Berkeley,Oldershaw,boldershawrr@soup.io,Male,198.253.156.20
